trigger,count,percentage
ElectronPhoton,8,6.956521739130435
SingleMuon,12,10.434782608695652
DiJet,4,3.4782608695652173
